Top pages,Clicks,Impressions,CTR,Position
https://www.westpeakwellness.com/,5,26,19.23%,25.23
https://www.westpeakwellness.com/resources/workplace-mental-health-bc,2,230,0.87%,17.07
https://www.westpeakwellness.com/resources/verify-a-counsellor-in-bc,1,263,0.38%,31.08
https://www.westpeakwellness.com/careers/registered-clinical-counsellor,1,45,2.22%,6.64
https://www.westpeakwellness.com/punjabi-counselling/abbotsford,1,20,5%,14.55
https://www.westpeakwellness.com/careers,1,19,5.26%,14.26
https://www.westpeakwellness.com/book,1,8,12.5%,5.25
https://www.westpeakwellness.com/online-counselling/vancouver,0,256,0%,49.88
https://www.westpeakwellness.com/compare/rcc-vs-psychologist-vs-social-worker-bc,0,89,0%,16.88
https://www.westpeakwellness.com/resources/msp-vs-extended-health,0,68,0%,12.44
https://www.westpeakwellness.com/resources/psychiatry-and-assessment-in-bc,0,42,0%,28.76
https://www.westpeakwellness.com/online-counselling,0,41,0%,69.73
https://www.westpeakwellness.com/services/trauma-therapy,0,33,0%,78.39
https://www.westpeakwellness.com/guides/grief-without-a-timeline,0,30,0%,39.43
https://www.westpeakwellness.com/online-counselling/kamloops,0,26,0%,65.31
https://www.westpeakwellness.com/about,0,24,0%,11
https://www.westpeakwellness.com/services/couples-therapy,0,19,0%,34.95
https://www.westpeakwellness.com/punjabi-counselling/surrey,0,15,0%,8.07
https://www.westpeakwellness.com/resources/bc-crisis-and-support-directory,0,13,0%,62
https://www.westpeakwellness.com/guides/waiting-for-therapy-in-bc,0,12,0%,24.75
https://www.westpeakwellness.com/services/emdr-therapy,0,12,0%,85.75
https://www.westpeakwellness.com/resources/student-mental-health-supports-bc,0,9,0%,68.33
https://www.westpeakwellness.com/glossary,0,9,0%,70.33
https://www.westpeakwellness.com/services/anxiety-counselling,0,9,0%,73.89
https://www.westpeakwellness.com/services/south-asian-mental-health,0,8,0%,35.88
https://www.westpeakwellness.com/compare/weekly-vs-biweekly-sessions,0,7,0%,6.86
https://www.westpeakwellness.com/answers,0,6,0%,4.17
https://www.westpeakwellness.com/punjabi-counselling/vancouver,0,6,0%,9.33
https://www.westpeakwellness.com/punjabi-counselling/prince-george,0,6,0%,67.67
https://www.westpeakwellness.com/contact,0,5,0%,3.2
https://www.westpeakwellness.com/tools/therapy-cost-bc,0,5,0%,17.2
https://www.westpeakwellness.com/pricing,0,5,0%,26.2
https://www.westpeakwellness.com/guides/burnout-vs-depression,0,4,0%,58
https://www.westpeakwellness.com/guides/panic-attacks-at-work,0,3,0%,9.33
https://www.westpeakwellness.com/guides/adhd-in-adults-and-what-counselling-can-do,0,3,0%,10.33
https://www.westpeakwellness.com/guides/how-the-gottman-method-works,0,3,0%,32
https://www.westpeakwellness.com/for/new-parents,0,3,0%,33
https://www.westpeakwellness.com/compare/efap-vs-private-counselling,0,3,0%,58
https://www.westpeakwellness.com/guides/is-online-therapy-as-effective-as-in-person,0,3,0%,82.33
https://www.westpeakwellness.com/services/online-counselling-bc,0,2,0%,2
https://www.westpeakwellness.com/for,0,2,0%,2.5
https://www.westpeakwellness.com/punjabi,0,2,0%,3.5
https://www.westpeakwellness.com/punjabi-counselling,0,2,0%,4
https://www.westpeakwellness.com/guides/perfectionism-and-self-criticism,0,2,0%,5
https://www.westpeakwellness.com/punjabi-counselling/kelowna,0,2,0%,7
https://www.westpeakwellness.com/services/punjabi-counselling,0,2,0%,7
https://www.westpeakwellness.com/online-counselling/kelowna,0,2,0%,7.5
https://www.westpeakwellness.com/guides/workplace-bullying-in-bc,0,2,0%,9.5
https://www.westpeakwellness.com/guides/money-stress-and-mental-health,0,2,0%,11
https://www.westpeakwellness.com/resources,0,2,0%,46
https://www.westpeakwellness.com/guides/intrusive-thoughts-and-what-they-mean,0,2,0%,51
https://www.westpeakwellness.com/tools,0,2,0%,63
https://www.westpeakwellness.com/services/depression-counselling,0,2,0%,65
https://www.westpeakwellness.com/punjabi-counselling/kamloops,0,2,0%,79.5
https://www.westpeakwellness.com/guides/high-functioning-anxiety,0,2,0%,85.5
https://www.westpeakwellness.com/compare/therapy-vs-coaching,0,1,0%,5
https://www.westpeakwellness.com/for/punjabi-speaking-couples,0,1,0%,9
https://www.westpeakwellness.com/guides/setting-boundaries-with-family,0,1,0%,10
https://www.westpeakwellness.com/guides/what-trauma-actually-means,0,1,0%,51
https://www.westpeakwellness.com/guides/does-couples-therapy-work,0,1,0%,53
https://www.westpeakwellness.com/approaches/somatic-therapy,0,1,0%,57
https://www.westpeakwellness.com/guides/life-transitions-and-identity,0,1,0%,69
https://www.westpeakwellness.com/guides/anxiety-and-sleep,0,1,0%,73
https://www.westpeakwellness.com/guides/anxiety-attack-vs-panic-attack,0,1,0%,86
https://www.westpeakwellness.com/guides/signs-it-might-be-time-for-therapy,0,1,0%,87
https://www.westpeakwellness.com/guides/talking-to-your-family-about-therapy,0,1,0%,89