Top queries,Clicks,Impressions,CTR,Position
registered clinical counsellor,0,78,0%,42.97
online counselling vancouver,0,63,0%,45.3
counsellor online vancouver,0,41,0%,49.15
registered counsellor,0,38,0%,40.47
online therapy vancouver,0,34,0%,52.97
virtual counselling vancouver,0,32,0%,50.62
virtual therapy vancouver,0,27,0%,56.22
registered clinical counsellor bc,0,21,0%,25.62
how to apply for stress leave in bc,0,19,0%,24.05
medical stress leave bc,0,18,0%,19.39
how does stress leave work in bc,0,16,0%,21.88
bc stress leave,0,15,0%,22.2
how to get stress leave in bc,0,15,0%,24.6
how long should you wait for bereavement counselling,0,15,0%,52.13
counselling online,0,15,0%,56.73
online therapist trauma,0,15,0%,80.8
how to go on stress leave bc,0,14,0%,27.64
online counselling,0,14,0%,50.93
stay at work services,0,13,0%,51.46
gottman method marriage counselling british columbia,0,11,0%,44.36
online counsellor bc,0,11,0%,69.27
trauma therapist online,0,11,0%,84.27
online counsellor,0,10,0%,43.9
licensed counsellor,0,10,0%,48.6
online counselling bc,0,10,0%,71.8
rcc bc,0,9,0%,20.44
counselling bc login,0,8,0%,35.38
rcc counsellor,0,8,0%,38.12
emdr therapy online,0,8,0%,87.88
registered clinical counsellor (rcc),0,7,0%,36.86
is stress leave paid in bc,0,6,0%,16
psychiatric consultation service for primary care,0,6,0%,50
is therapy free in bc,0,5,0%,25
south asian therapy derry west,0,5,0%,50.2
online therapy british columbia,0,5,0%,72.2
primary care mental health assessment,0,4,0%,77
student mental health services,0,4,0%,83.5
does msp cover therapy,0,3,0%,7.33
registered psychologist bc,0,3,0%,13
bcacc find a counsellor,0,3,0%,18
gottman method counsellor british columbia,0,3,0%,30.33
counsellors online,0,3,0%,41
bc psychologist,0,3,0%,48.33
msw rsw meaning,0,3,0%,71.67
virtual counselling bc,0,3,0%,73.33
emdr therapist online,0,3,0%,77.33
online therapy bc,0,3,0%,77.67
psychiatrist vancouver,0,2,0%,2
punjabi therapist near me,0,2,0%,7
yes,0,2,0%,8
rsw vs rcc,0,2,0%,9
virtual counselling jobs bc,0,2,0%,9.5
remote counselling jobs bc,0,2,0%,11
mental health leave bc,0,2,0%,20.5
bc clinical counsellor,0,2,0%,21
registered psychologists vancouver,0,2,0%,46.5
sources counselling,0,2,0%,47.5
trauma counselling online bc,0,2,0%,54
depression counselling online bc,0,2,0%,65
mental health practitioner,0,2,0%,70.5
virtual therapy bc,0,2,0%,72
high functioning anxiety therapy,0,2,0%,85.5
online therapist for trauma,0,2,0%,85.5
student counselling,0,2,0%,89.5
therapist terms,0,2,0%,90
clinical counsellor vs psychologist,0,1,0%,1
white rock counselling,0,1,0%,1
a ccc,0,1,0%,3
counselling,0,1,0%,4
mental health,0,1,0%,5
can a counselor refer you to a psychiatrist,0,1,0%,7
nhs perfectionism procrastination self criticism,0,1,0%,7
is therapy considered a medical appointment,0,1,0%,8
rcc designation,0,1,0%,11
workplace counselling generic terms,0,1,0%,11
rcc psychology,0,1,0%,12
registered clinical counsellor vs psychologist,0,1,0%,12
bc sick days mental health,0,1,0%,14
bc clinical counsellors,0,1,0%,17
mental health days bc,0,1,0%,17
clinical counsellors of bc,0,1,0%,20
find counsellor bc,0,1,0%,20
grief has no timeline,0,1,0%,20
counsellor registration,0,1,0%,24
fact bc,0,1,0%,25
find a counsellor bc,0,1,0%,25
msp fee schedule psychiatry,0,1,0%,25
[counsellor name],0,1,0%,26
registered counsellors bc,0,1,0%,26
stress leave from work bc,0,1,0%,26
burnout versus depression,0,1,0%,37
online couples counselling bc,0,1,0%,37
registered clinical therapist,0,1,0%,37
gottman method couples therapy bc,0,1,0%,42
mental health accommodations at work,0,1,0%,43
registered clinical counselling,0,1,0%,44
what is an rsw,0,1,0%,47
counselling tools,0,1,0%,49
online counsellor vancouver,0,1,0%,50
counsellor kamloops,0,1,0%,59
mental health crisis line bc,0,1,0%,59
registered therapeutic counsellor bc,0,1,0%,60
counselling kamloops bc,0,1,0%,61
registered psychologists bc,0,1,0%,64
online counselling services,0,1,0%,65
grief recovery timeline,0,1,0%,66
how to become a registered psychologist in bc,0,1,0%,67
suicide hotline bc,0,1,0%,71
counselling terms,0,1,0%,73
bc suicide hotline,0,1,0%,74
anxiety counselling online,0,1,0%,77
anxiety counsellor online,0,1,0%,77
mental health check up,0,1,0%,80
eap vs therapy,0,1,0%,83
counseling terminology,0,1,0%,85
is an eap the same as therapy,0,1,0%,85
therapists for students,0,1,0%,85
panic attack vs,0,1,0%,86
psychiatrist and therapist,0,1,0%,86
psychiatric assessment,0,1,0%,87
what is the difference between burnout and depression,0,1,0%,87
online counselling for anxiety,0,1,0%,88
common therapy terms,0,1,0%,97
wellness consulting,0,1,0%,100